Name,Title,Class,Source,Extensions
objective,Active target objective summary,ca.spatial.patchworks.ShortageReport,Target table,html;csv
shortage,Active target shortage summary,ca.spatial.patchworks.ShortageReport,Target table,html;csv
feature_Area_managed,Targets for feature.Area.managed,ca.spatial.reportwriter.TargetLimitReport,Target table,html;csv;png
feature_Area_unmanaged,Targets for feature.Area.unmanaged,ca.spatial.reportwriter.TargetLimitReport,Target table,html;csv;png
feature_Seral_985501000_immature,Targets for feature.Seral.985501000.immature,ca.spatial.reportwriter.TargetLimitReport,Target table,html;csv;png
feature_Seral_985501000_mature,Targets for feature.Seral.985501000.mature,ca.spatial.reportwriter.TargetLimitReport,Target table,html;csv;png
feature_Seral_985501000_overmature,Targets for feature.Seral.985501000.overmature,ca.spatial.reportwriter.TargetLimitReport,Target table,html;csv;png
feature_Seral_985501000_regenerating,Targets for feature.Seral.985501000.regenerating,ca.spatial.reportwriter.TargetLimitReport,Target table,html;csv;png
feature_Seral_985501000_young,Targets for feature.Seral.985501000.young,ca.spatial.reportwriter.TargetLimitReport,Target table,html;csv;png
feature_Seral_985501001_immature,Targets for feature.Seral.985501001.immature,ca.spatial.reportwriter.TargetLimitReport,Target table,html;csv;png
feature_Seral_985501001_mature,Targets for feature.Seral.985501001.mature,ca.spatial.reportwriter.TargetLimitReport,Target table,html;csv;png
feature_Seral_985501001_overmature,Targets for feature.Seral.985501001.overmature,ca.spatial.reportwriter.TargetLimitReport,Target table,html;csv;png
feature_Seral_985501001_regenerating,Targets for feature.Seral.985501001.regenerating,ca.spatial.reportwriter.TargetLimitReport,Target table,html;csv;png
feature_Seral_985501001_young,Targets for feature.Seral.985501001.young,ca.spatial.reportwriter.TargetLimitReport,Target table,html;csv;png
feature_Seral_985501003_immature,Targets for feature.Seral.985501003.immature,ca.spatial.reportwriter.TargetLimitReport,Target table,html;csv;png
feature_Seral_985501003_mature,Targets for feature.Seral.985501003.mature,ca.spatial.reportwriter.TargetLimitReport,Target table,html;csv;png
feature_Seral_985501003_overmature,Targets for feature.Seral.985501003.overmature,ca.spatial.reportwriter.TargetLimitReport,Target table,html;csv;png
feature_Seral_985501003_regenerating,Targets for feature.Seral.985501003.regenerating,ca.spatial.reportwriter.TargetLimitReport,Target table,html;csv;png
feature_Seral_985501003_young,Targets for feature.Seral.985501003.young,ca.spatial.reportwriter.TargetLimitReport,Target table,html;csv;png
feature_Seral_985502001_immature,Targets for feature.Seral.985502001.immature,ca.spatial.reportwriter.TargetLimitReport,Target table,html;csv;png
feature_Seral_985502001_mature,Targets for feature.Seral.985502001.mature,ca.spatial.reportwriter.TargetLimitReport,Target table,html;csv;png
feature_Seral_985502001_overmature,Targets for feature.Seral.985502001.overmature,ca.spatial.reportwriter.TargetLimitReport,Target table,html;csv;png
feature_Seral_985502001_regenerating,Targets for feature.Seral.985502001.regenerating,ca.spatial.reportwriter.TargetLimitReport,Target table,html;csv;png
feature_Seral_985502001_young,Targets for feature.Seral.985502001.young,ca.spatial.reportwriter.TargetLimitReport,Target table,html;csv;png
feature_Seral_985502002_immature,Targets for feature.Seral.985502002.immature,ca.spatial.reportwriter.TargetLimitReport,Target table,html;csv;png
feature_Seral_985502002_mature,Targets for feature.Seral.985502002.mature,ca.spatial.reportwriter.TargetLimitReport,Target table,html;csv;png
feature_Seral_985502002_overmature,Targets for feature.Seral.985502002.overmature,ca.spatial.reportwriter.TargetLimitReport,Target table,html;csv;png
feature_Seral_985502002_regenerating,Targets for feature.Seral.985502002.regenerating,ca.spatial.reportwriter.TargetLimitReport,Target table,html;csv;png
feature_Seral_985502002_young,Targets for feature.Seral.985502002.young,ca.spatial.reportwriter.TargetLimitReport,Target table,html;csv;png
feature_Seral_985502003_immature,Targets for feature.Seral.985502003.immature,ca.spatial.reportwriter.TargetLimitReport,Target table,html;csv;png
feature_Seral_985502003_mature,Targets for feature.Seral.985502003.mature,ca.spatial.reportwriter.TargetLimitReport,Target table,html;csv;png
feature_Seral_985502003_overmature,Targets for feature.Seral.985502003.overmature,ca.spatial.reportwriter.TargetLimitReport,Target table,html;csv;png
feature_Seral_985502003_regenerating,Targets for feature.Seral.985502003.regenerating,ca.spatial.reportwriter.TargetLimitReport,Target table,html;csv;png
feature_Seral_985502003_young,Targets for feature.Seral.985502003.young,ca.spatial.reportwriter.TargetLimitReport,Target table,html;csv;png
feature_Seral_985502004_immature,Targets for feature.Seral.985502004.immature,ca.spatial.reportwriter.TargetLimitReport,Target table,html;csv;png
feature_Seral_985502004_mature,Targets for feature.Seral.985502004.mature,ca.spatial.reportwriter.TargetLimitReport,Target table,html;csv;png
feature_Seral_985502004_overmature,Targets for feature.Seral.985502004.overmature,ca.spatial.reportwriter.TargetLimitReport,Target table,html;csv;png
feature_Seral_985502004_regenerating,Targets for feature.Seral.985502004.regenerating,ca.spatial.reportwriter.TargetLimitReport,Target table,html;csv;png
feature_Seral_985502004_young,Targets for feature.Seral.985502004.young,ca.spatial.reportwriter.TargetLimitReport,Target table,html;csv;png
feature_Seral_985502005_immature,Targets for feature.Seral.985502005.immature,ca.spatial.reportwriter.TargetLimitReport,Target table,html;csv;png
feature_Seral_985502005_mature,Targets for feature.Seral.985502005.mature,ca.spatial.reportwriter.TargetLimitReport,Target table,html;csv;png
feature_Seral_985502005_overmature,Targets for feature.Seral.985502005.overmature,ca.spatial.reportwriter.TargetLimitReport,Target table,html;csv;png
feature_Seral_985502005_regenerating,Targets for feature.Seral.985502005.regenerating,ca.spatial.reportwriter.TargetLimitReport,Target table,html;csv;png
feature_Seral_985502005_young,Targets for feature.Seral.985502005.young,ca.spatial.reportwriter.TargetLimitReport,Target table,html;csv;png
feature_Seral_985502006_immature,Targets for feature.Seral.985502006.immature,ca.spatial.reportwriter.TargetLimitReport,Target table,html;csv;png
feature_Seral_985502006_mature,Targets for feature.Seral.985502006.mature,ca.spatial.reportwriter.TargetLimitReport,Target table,html;csv;png
feature_Seral_985502006_overmature,Targets for feature.Seral.985502006.overmature,ca.spatial.reportwriter.TargetLimitReport,Target table,html;csv;png
feature_Seral_985502006_regenerating,Targets for feature.Seral.985502006.regenerating,ca.spatial.reportwriter.TargetLimitReport,Target table,html;csv;png
feature_Seral_985502006_young,Targets for feature.Seral.985502006.young,ca.spatial.reportwriter.TargetLimitReport,Target table,html;csv;png
feature_Seral_985502007_immature,Targets for feature.Seral.985502007.immature,ca.spatial.reportwriter.TargetLimitReport,Target table,html;csv;png
feature_Seral_985502007_mature,Targets for feature.Seral.985502007.mature,ca.spatial.reportwriter.TargetLimitReport,Target table,html;csv;png
feature_Seral_985502007_overmature,Targets for feature.Seral.985502007.overmature,ca.spatial.reportwriter.TargetLimitReport,Target table,html;csv;png
feature_Seral_985502007_regenerating,Targets for feature.Seral.985502007.regenerating,ca.spatial.reportwriter.TargetLimitReport,Target table,html;csv;png
feature_Seral_985502007_young,Targets for feature.Seral.985502007.young,ca.spatial.reportwriter.TargetLimitReport,Target table,html;csv;png
feature_Seral_985502008_immature,Targets for feature.Seral.985502008.immature,ca.spatial.reportwriter.TargetLimitReport,Target table,html;csv;png
feature_Seral_985502008_mature,Targets for feature.Seral.985502008.mature,ca.spatial.reportwriter.TargetLimitReport,Target table,html;csv;png
feature_Seral_985502008_overmature,Targets for feature.Seral.985502008.overmature,ca.spatial.reportwriter.TargetLimitReport,Target table,html;csv;png
feature_Seral_985502008_regenerating,Targets for feature.Seral.985502008.regenerating,ca.spatial.reportwriter.TargetLimitReport,Target table,html;csv;png
feature_Seral_985502008_young,Targets for feature.Seral.985502008.young,ca.spatial.reportwriter.TargetLimitReport,Target table,html;csv;png
feature_Seral_985503000_immature,Targets for feature.Seral.985503000.immature,ca.spatial.reportwriter.TargetLimitReport,Target table,html;csv;png
feature_Seral_985503000_mature,Targets for feature.Seral.985503000.mature,ca.spatial.reportwriter.TargetLimitReport,Target table,html;csv;png
feature_Seral_985503000_overmature,Targets for feature.Seral.985503000.overmature,ca.spatial.reportwriter.TargetLimitReport,Target table,html;csv;png
feature_Seral_985503000_regenerating,Targets for feature.Seral.985503000.regenerating,ca.spatial.reportwriter.TargetLimitReport,Target table,html;csv;png
feature_Seral_985503000_young,Targets for feature.Seral.985503000.young,ca.spatial.reportwriter.TargetLimitReport,Target table,html;csv;png
feature_Seral_985503001_immature,Targets for feature.Seral.985503001.immature,ca.spatial.reportwriter.TargetLimitReport,Target table,html;csv;png
feature_Seral_985503001_mature,Targets for feature.Seral.985503001.mature,ca.spatial.reportwriter.TargetLimitReport,Target table,html;csv;png
feature_Seral_985503001_overmature,Targets for feature.Seral.985503001.overmature,ca.spatial.reportwriter.TargetLimitReport,Target table,html;csv;png
feature_Seral_985503001_regenerating,Targets for feature.Seral.985503001.regenerating,ca.spatial.reportwriter.TargetLimitReport,Target table,html;csv;png
feature_Seral_985503001_young,Targets for feature.Seral.985503001.young,ca.spatial.reportwriter.TargetLimitReport,Target table,html;csv;png
feature_Seral_985503003_immature,Targets for feature.Seral.985503003.immature,ca.spatial.reportwriter.TargetLimitReport,Target table,html;csv;png
feature_Seral_985503003_mature,Targets for feature.Seral.985503003.mature,ca.spatial.reportwriter.TargetLimitReport,Target table,html;csv;png
feature_Seral_985503003_overmature,Targets for feature.Seral.985503003.overmature,ca.spatial.reportwriter.TargetLimitReport,Target table,html;csv;png
feature_Seral_985503003_regenerating,Targets for feature.Seral.985503003.regenerating,ca.spatial.reportwriter.TargetLimitReport,Target table,html;csv;png
feature_Seral_985503003_young,Targets for feature.Seral.985503003.young,ca.spatial.reportwriter.TargetLimitReport,Target table,html;csv;png
feature_Seral_immature,Targets for feature.Seral.immature,ca.spatial.reportwriter.TargetLimitReport,Target table,html;csv;png
feature_Seral_mature,Targets for feature.Seral.mature,ca.spatial.reportwriter.TargetLimitReport,Target table,html;csv;png
feature_Seral_overmature,Targets for feature.Seral.overmature,ca.spatial.reportwriter.TargetLimitReport,Target table,html;csv;png
feature_Seral_regenerating,Targets for feature.Seral.regenerating,ca.spatial.reportwriter.TargetLimitReport,Target table,html;csv;png
feature_Seral_young,Targets for feature.Seral.young,ca.spatial.reportwriter.TargetLimitReport,Target table,html;csv;png
feature_SpeciesProp_managed_BA,Targets for feature.SpeciesProp.managed.BA,ca.spatial.reportwriter.TargetLimitReport,Target table,html;csv;png
feature_SpeciesProp_managed_CW,Targets for feature.SpeciesProp.managed.CW,ca.spatial.reportwriter.TargetLimitReport,Target table,html;csv;png
feature_SpeciesProp_managed_FDC,Targets for feature.SpeciesProp.managed.FDC,ca.spatial.reportwriter.TargetLimitReport,Target table,html;csv;png
feature_SpeciesProp_managed_HW,Targets for feature.SpeciesProp.managed.HW,ca.spatial.reportwriter.TargetLimitReport,Target table,html;csv;png
feature_SpeciesProp_managed_PLC,Targets for feature.SpeciesProp.managed.PLC,ca.spatial.reportwriter.TargetLimitReport,Target table,html;csv;png
feature_SpeciesProp_managed_SS,Targets for feature.SpeciesProp.managed.SS,ca.spatial.reportwriter.TargetLimitReport,Target table,html;csv;png
feature_SpeciesProp_managed_YC,Targets for feature.SpeciesProp.managed.YC,ca.spatial.reportwriter.TargetLimitReport,Target table,html;csv;png
feature_SpeciesProp_unmanaged_BA,Targets for feature.SpeciesProp.unmanaged.BA,ca.spatial.reportwriter.TargetLimitReport,Target table,html;csv;png
feature_SpeciesProp_unmanaged_CW,Targets for feature.SpeciesProp.unmanaged.CW,ca.spatial.reportwriter.TargetLimitReport,Target table,html;csv;png
feature_SpeciesProp_unmanaged_FDC,Targets for feature.SpeciesProp.unmanaged.FDC,ca.spatial.reportwriter.TargetLimitReport,Target table,html;csv;png
feature_SpeciesProp_unmanaged_HW,Targets for feature.SpeciesProp.unmanaged.HW,ca.spatial.reportwriter.TargetLimitReport,Target table,html;csv;png
feature_SpeciesProp_unmanaged_PLC,Targets for feature.SpeciesProp.unmanaged.PLC,ca.spatial.reportwriter.TargetLimitReport,Target table,html;csv;png
feature_SpeciesProp_unmanaged_SS,Targets for feature.SpeciesProp.unmanaged.SS,ca.spatial.reportwriter.TargetLimitReport,Target table,html;csv;png
feature_SpeciesProp_unmanaged_YC,Targets for feature.SpeciesProp.unmanaged.YC,ca.spatial.reportwriter.TargetLimitReport,Target table,html;csv;png
feature_Yield_managed_BA,Targets for feature.Yield.managed.BA,ca.spatial.reportwriter.TargetLimitReport,Target table,html;csv;png
feature_Yield_managed_CW,Targets for feature.Yield.managed.CW,ca.spatial.reportwriter.TargetLimitReport,Target table,html;csv;png
feature_Yield_managed_FDC,Targets for feature.Yield.managed.FDC,ca.spatial.reportwriter.TargetLimitReport,Target table,html;csv;png
feature_Yield_managed_HW,Targets for feature.Yield.managed.HW,ca.spatial.reportwriter.TargetLimitReport,Target table,html;csv;png
feature_Yield_managed_PLC,Targets for feature.Yield.managed.PLC,ca.spatial.reportwriter.TargetLimitReport,Target table,html;csv;png
feature_Yield_managed_SS,Targets for feature.Yield.managed.SS,ca.spatial.reportwriter.TargetLimitReport,Target table,html;csv;png
feature_Yield_managed_Total,Targets for feature.Yield.managed.Total,ca.spatial.reportwriter.TargetLimitReport,Target table,html;csv;png
feature_Yield_managed_YC,Targets for feature.Yield.managed.YC,ca.spatial.reportwriter.TargetLimitReport,Target table,html;csv;png
feature_Yield_unmanaged_BA,Targets for feature.Yield.unmanaged.BA,ca.spatial.reportwriter.TargetLimitReport,Target table,html;csv;png
feature_Yield_unmanaged_CW,Targets for feature.Yield.unmanaged.CW,ca.spatial.reportwriter.TargetLimitReport,Target table,html;csv;png
feature_Yield_unmanaged_FDC,Targets for feature.Yield.unmanaged.FDC,ca.spatial.reportwriter.TargetLimitReport,Target table,html;csv;png
feature_Yield_unmanaged_HW,Targets for feature.Yield.unmanaged.HW,ca.spatial.reportwriter.TargetLimitReport,Target table,html;csv;png
feature_Yield_unmanaged_PLC,Targets for feature.Yield.unmanaged.PLC,ca.spatial.reportwriter.TargetLimitReport,Target table,html;csv;png
feature_Yield_unmanaged_SS,Targets for feature.Yield.unmanaged.SS,ca.spatial.reportwriter.TargetLimitReport,Target table,html;csv;png
feature_Yield_unmanaged_Total,Targets for feature.Yield.unmanaged.Total,ca.spatial.reportwriter.TargetLimitReport,Target table,html;csv;png
feature_Yield_unmanaged_YC,Targets for feature.Yield.unmanaged.YC,ca.spatial.reportwriter.TargetLimitReport,Target table,html;csv;png
flow_even_product_Yield_managed_BA,Targets for flow.even.product.Yield.managed.BA,ca.spatial.reportwriter.TargetLimitReport,Target table,html;csv;png
flow_even_product_Yield_managed_CW,Targets for flow.even.product.Yield.managed.CW,ca.spatial.reportwriter.TargetLimitReport,Target table,html;csv;png
flow_even_product_Yield_managed_FDC,Targets for flow.even.product.Yield.managed.FDC,ca.spatial.reportwriter.TargetLimitReport,Target table,html;csv;png
flow_even_product_Yield_managed_HW,Targets for flow.even.product.Yield.managed.HW,ca.spatial.reportwriter.TargetLimitReport,Target table,html;csv;png
flow_even_product_Yield_managed_PLC,Targets for flow.even.product.Yield.managed.PLC,ca.spatial.reportwriter.TargetLimitReport,Target table,html;csv;png
flow_even_product_Yield_managed_SS,Targets for flow.even.product.Yield.managed.SS,ca.spatial.reportwriter.TargetLimitReport,Target table,html;csv;png
flow_even_product_Yield_managed_Total,Targets for flow.even.product.Yield.managed.Total,ca.spatial.reportwriter.TargetLimitReport,Target table,html;csv;png
flow_even_product_Yield_managed_YC,Targets for flow.even.product.Yield.managed.YC,ca.spatial.reportwriter.TargetLimitReport,Target table,html;csv;png
flow_ndy_feature_Yield_managed_BA,Targets for flow.ndy.feature.Yield.managed.BA,ca.spatial.reportwriter.TargetLimitReport,Target table,html;csv;png
flow_ndy_feature_Yield_managed_CW,Targets for flow.ndy.feature.Yield.managed.CW,ca.spatial.reportwriter.TargetLimitReport,Target table,html;csv;png
flow_ndy_feature_Yield_managed_FDC,Targets for flow.ndy.feature.Yield.managed.FDC,ca.spatial.reportwriter.TargetLimitReport,Target table,html;csv;png
flow_ndy_feature_Yield_managed_HW,Targets for flow.ndy.feature.Yield.managed.HW,ca.spatial.reportwriter.TargetLimitReport,Target table,html;csv;png
flow_ndy_feature_Yield_managed_PLC,Targets for flow.ndy.feature.Yield.managed.PLC,ca.spatial.reportwriter.TargetLimitReport,Target table,html;csv;png
flow_ndy_feature_Yield_managed_SS,Targets for flow.ndy.feature.Yield.managed.SS,ca.spatial.reportwriter.TargetLimitReport,Target table,html;csv;png
flow_ndy_feature_Yield_managed_Total,Targets for flow.ndy.feature.Yield.managed.Total,ca.spatial.reportwriter.TargetLimitReport,Target table,html;csv;png
flow_ndy_feature_Yield_managed_YC,Targets for flow.ndy.feature.Yield.managed.YC,ca.spatial.reportwriter.TargetLimitReport,Target table,html;csv;png
patch_blocks_area,Targets for patch.blocks.area,ca.spatial.reportwriter.TargetLimitReport,Target table,html;csv;png
patch_blocks_attractor,Targets for patch.blocks.attractor,ca.spatial.reportwriter.TargetLimitReport,Target table,html;csv;png
patch_blocks_blocks,Targets for patch.blocks.blocks,ca.spatial.reportwriter.TargetLimitReport,Target table,html;csv;png
patch_blocks_freqpercent,Targets for patch.blocks.freqpercent,ca.spatial.reportwriter.TargetLimitReport,Target table,html;csv;png
patch_blocks_frequency,Targets for patch.blocks.frequency,ca.spatial.reportwriter.TargetLimitReport,Target table,html;csv;png
patch_blocks_shape,Targets for patch.blocks.shape,ca.spatial.reportwriter.TargetLimitReport,Target table,html;csv;png
patch_blocks_size,Targets for patch.blocks.size,ca.spatial.reportwriter.TargetLimitReport,Target table,html;csv;png
patch_regen_0_max_area,Targets for patch.regen.0_max.area,ca.spatial.reportwriter.TargetLimitReport,Target table,html;csv;png
patch_regen_0_max_attractor,Targets for patch.regen.0_max.attractor,ca.spatial.reportwriter.TargetLimitReport,Target table,html;csv;png
patch_regen_0_max_blocks,Targets for patch.regen.0_max.blocks,ca.spatial.reportwriter.TargetLimitReport,Target table,html;csv;png
patch_regen_0_max_freqpercent,Targets for patch.regen.0_max.freqpercent,ca.spatial.reportwriter.TargetLimitReport,Target table,html;csv;png
patch_regen_0_max_frequency,Targets for patch.regen.0_max.frequency,ca.spatial.reportwriter.TargetLimitReport,Target table,html;csv;png
patch_regen_0_max_shape,Targets for patch.regen.0_max.shape,ca.spatial.reportwriter.TargetLimitReport,Target table,html;csv;png
patch_regen_0_max_size,Targets for patch.regen.0_max.size,ca.spatial.reportwriter.TargetLimitReport,Target table,html;csv;png
patch_regen_max_plus_area,Targets for patch.regen.max_plus.area,ca.spatial.reportwriter.TargetLimitReport,Target table,html;csv;png
patch_regen_max_plus_attractor,Targets for patch.regen.max_plus.attractor,ca.spatial.reportwriter.TargetLimitReport,Target table,html;csv;png
patch_regen_max_plus_blocks,Targets for patch.regen.max_plus.blocks,ca.spatial.reportwriter.TargetLimitReport,Target table,html;csv;png
patch_regen_max_plus_freqpercent,Targets for patch.regen.max_plus.freqpercent,ca.spatial.reportwriter.TargetLimitReport,Target table,html;csv;png
patch_regen_max_plus_frequency,Targets for patch.regen.max_plus.frequency,ca.spatial.reportwriter.TargetLimitReport,Target table,html;csv;png
patch_regen_max_plus_shape,Targets for patch.regen.max_plus.shape,ca.spatial.reportwriter.TargetLimitReport,Target table,html;csv;png
patch_regen_max_plus_size,Targets for patch.regen.max_plus.size,ca.spatial.reportwriter.TargetLimitReport,Target table,html;csv;png
product_HarvestedVolume_managed_BA_CC,Targets for product.HarvestedVolume.managed.BA.CC,ca.spatial.reportwriter.TargetLimitReport,Target table,html;csv;png
product_HarvestedVolume_managed_CW_CC,Targets for product.HarvestedVolume.managed.CW.CC,ca.spatial.reportwriter.TargetLimitReport,Target table,html;csv;png
product_HarvestedVolume_managed_FDC_CC,Targets for product.HarvestedVolume.managed.FDC.CC,ca.spatial.reportwriter.TargetLimitReport,Target table,html;csv;png
product_HarvestedVolume_managed_HW_CC,Targets for product.HarvestedVolume.managed.HW.CC,ca.spatial.reportwriter.TargetLimitReport,Target table,html;csv;png
product_HarvestedVolume_managed_PLC_CC,Targets for product.HarvestedVolume.managed.PLC.CC,ca.spatial.reportwriter.TargetLimitReport,Target table,html;csv;png
product_HarvestedVolume_managed_SS_CC,Targets for product.HarvestedVolume.managed.SS.CC,ca.spatial.reportwriter.TargetLimitReport,Target table,html;csv;png
product_HarvestedVolume_managed_Total_CC,Targets for product.HarvestedVolume.managed.Total.CC,ca.spatial.reportwriter.TargetLimitReport,Target table,html;csv;png
product_HarvestedVolume_managed_YC_CC,Targets for product.HarvestedVolume.managed.YC.CC,ca.spatial.reportwriter.TargetLimitReport,Target table,html;csv;png
product_Seral_area_immature_985501000_CC,Targets for product.Seral.area.immature.985501000.CC,ca.spatial.reportwriter.TargetLimitReport,Target table,html;csv;png
product_Seral_area_immature_985501001_CC,Targets for product.Seral.area.immature.985501001.CC,ca.spatial.reportwriter.TargetLimitReport,Target table,html;csv;png
product_Seral_area_immature_985501003_CC,Targets for product.Seral.area.immature.985501003.CC,ca.spatial.reportwriter.TargetLimitReport,Target table,html;csv;png
product_Seral_area_immature_985502001_CC,Targets for product.Seral.area.immature.985502001.CC,ca.spatial.reportwriter.TargetLimitReport,Target table,html;csv;png
product_Seral_area_immature_985502002_CC,Targets for product.Seral.area.immature.985502002.CC,ca.spatial.reportwriter.TargetLimitReport,Target table,html;csv;png
product_Seral_area_immature_985502003_CC,Targets for product.Seral.area.immature.985502003.CC,ca.spatial.reportwriter.TargetLimitReport,Target table,html;csv;png
product_Seral_area_immature_985502004_CC,Targets for product.Seral.area.immature.985502004.CC,ca.spatial.reportwriter.TargetLimitReport,Target table,html;csv;png
product_Seral_area_immature_985502005_CC,Targets for product.Seral.area.immature.985502005.CC,ca.spatial.reportwriter.TargetLimitReport,Target table,html;csv;png
product_Seral_area_immature_985502006_CC,Targets for product.Seral.area.immature.985502006.CC,ca.spatial.reportwriter.TargetLimitReport,Target table,html;csv;png
product_Seral_area_immature_985502007_CC,Targets for product.Seral.area.immature.985502007.CC,ca.spatial.reportwriter.TargetLimitReport,Target table,html;csv;png
product_Seral_area_immature_985502008_CC,Targets for product.Seral.area.immature.985502008.CC,ca.spatial.reportwriter.TargetLimitReport,Target table,html;csv;png
product_Seral_area_immature_985503000_CC,Targets for product.Seral.area.immature.985503000.CC,ca.spatial.reportwriter.TargetLimitReport,Target table,html;csv;png
product_Seral_area_immature_985503001_CC,Targets for product.Seral.area.immature.985503001.CC,ca.spatial.reportwriter.TargetLimitReport,Target table,html;csv;png
product_Seral_area_immature_985503003_CC,Targets for product.Seral.area.immature.985503003.CC,ca.spatial.reportwriter.TargetLimitReport,Target table,html;csv;png
product_Seral_area_mature_985501000_CC,Targets for product.Seral.area.mature.985501000.CC,ca.spatial.reportwriter.TargetLimitReport,Target table,html;csv;png
product_Seral_area_mature_985501001_CC,Targets for product.Seral.area.mature.985501001.CC,ca.spatial.reportwriter.TargetLimitReport,Target table,html;csv;png
product_Seral_area_mature_985501003_CC,Targets for product.Seral.area.mature.985501003.CC,ca.spatial.reportwriter.TargetLimitReport,Target table,html;csv;png
product_Seral_area_mature_985502001_CC,Targets for product.Seral.area.mature.985502001.CC,ca.spatial.reportwriter.TargetLimitReport,Target table,html;csv;png
product_Seral_area_mature_985502002_CC,Targets for product.Seral.area.mature.985502002.CC,ca.spatial.reportwriter.TargetLimitReport,Target table,html;csv;png
product_Seral_area_mature_985502003_CC,Targets for product.Seral.area.mature.985502003.CC,ca.spatial.reportwriter.TargetLimitReport,Target table,html;csv;png
product_Seral_area_mature_985502004_CC,Targets for product.Seral.area.mature.985502004.CC,ca.spatial.reportwriter.TargetLimitReport,Target table,html;csv;png
product_Seral_area_mature_985502005_CC,Targets for product.Seral.area.mature.985502005.CC,ca.spatial.reportwriter.TargetLimitReport,Target table,html;csv;png
product_Seral_area_mature_985502006_CC,Targets for product.Seral.area.mature.985502006.CC,ca.spatial.reportwriter.TargetLimitReport,Target table,html;csv;png
product_Seral_area_mature_985502007_CC,Targets for product.Seral.area.mature.985502007.CC,ca.spatial.reportwriter.TargetLimitReport,Target table,html;csv;png
product_Seral_area_mature_985502008_CC,Targets for product.Seral.area.mature.985502008.CC,ca.spatial.reportwriter.TargetLimitReport,Target table,html;csv;png
product_Seral_area_mature_985503000_CC,Targets for product.Seral.area.mature.985503000.CC,ca.spatial.reportwriter.TargetLimitReport,Target table,html;csv;png
product_Seral_area_mature_985503001_CC,Targets for product.Seral.area.mature.985503001.CC,ca.spatial.reportwriter.TargetLimitReport,Target table,html;csv;png
product_Seral_area_mature_985503003_CC,Targets for product.Seral.area.mature.985503003.CC,ca.spatial.reportwriter.TargetLimitReport,Target table,html;csv;png
product_Seral_area_overmature_985501000_CC,Targets for product.Seral.area.overmature.985501000.CC,ca.spatial.reportwriter.TargetLimitReport,Target table,html;csv;png
product_Seral_area_overmature_985501001_CC,Targets for product.Seral.area.overmature.985501001.CC,ca.spatial.reportwriter.TargetLimitReport,Target table,html;csv;png
product_Seral_area_overmature_985501003_CC,Targets for product.Seral.area.overmature.985501003.CC,ca.spatial.reportwriter.TargetLimitReport,Target table,html;csv;png
product_Seral_area_overmature_985502001_CC,Targets for product.Seral.area.overmature.985502001.CC,ca.spatial.reportwriter.TargetLimitReport,Target table,html;csv;png
product_Seral_area_overmature_985502002_CC,Targets for product.Seral.area.overmature.985502002.CC,ca.spatial.reportwriter.TargetLimitReport,Target table,html;csv;png
product_Seral_area_overmature_985502003_CC,Targets for product.Seral.area.overmature.985502003.CC,ca.spatial.reportwriter.TargetLimitReport,Target table,html;csv;png
product_Seral_area_overmature_985502004_CC,Targets for product.Seral.area.overmature.985502004.CC,ca.spatial.reportwriter.TargetLimitReport,Target table,html;csv;png
product_Seral_area_overmature_985502005_CC,Targets for product.Seral.area.overmature.985502005.CC,ca.spatial.reportwriter.TargetLimitReport,Target table,html;csv;png
product_Seral_area_overmature_985502006_CC,Targets for product.Seral.area.overmature.985502006.CC,ca.spatial.reportwriter.TargetLimitReport,Target table,html;csv;png
product_Seral_area_overmature_985502007_CC,Targets for product.Seral.area.overmature.985502007.CC,ca.spatial.reportwriter.TargetLimitReport,Target table,html;csv;png
product_Seral_area_overmature_985502008_CC,Targets for product.Seral.area.overmature.985502008.CC,ca.spatial.reportwriter.TargetLimitReport,Target table,html;csv;png
product_Seral_area_overmature_985503000_CC,Targets for product.Seral.area.overmature.985503000.CC,ca.spatial.reportwriter.TargetLimitReport,Target table,html;csv;png
product_Seral_area_overmature_985503001_CC,Targets for product.Seral.area.overmature.985503001.CC,ca.spatial.reportwriter.TargetLimitReport,Target table,html;csv;png
product_Seral_area_overmature_985503003_CC,Targets for product.Seral.area.overmature.985503003.CC,ca.spatial.reportwriter.TargetLimitReport,Target table,html;csv;png
product_Seral_area_regenerating_985501000_CC,Targets for product.Seral.area.regenerating.985501000.CC,ca.spatial.reportwriter.TargetLimitReport,Target table,html;csv;png
product_Seral_area_regenerating_985501001_CC,Targets for product.Seral.area.regenerating.985501001.CC,ca.spatial.reportwriter.TargetLimitReport,Target table,html;csv;png
product_Seral_area_regenerating_985501003_CC,Targets for product.Seral.area.regenerating.985501003.CC,ca.spatial.reportwriter.TargetLimitReport,Target table,html;csv;png
product_Seral_area_regenerating_985502001_CC,Targets for product.Seral.area.regenerating.985502001.CC,ca.spatial.reportwriter.TargetLimitReport,Target table,html;csv;png
product_Seral_area_regenerating_985502002_CC,Targets for product.Seral.area.regenerating.985502002.CC,ca.spatial.reportwriter.TargetLimitReport,Target table,html;csv;png
product_Seral_area_regenerating_985502003_CC,Targets for product.Seral.area.regenerating.985502003.CC,ca.spatial.reportwriter.TargetLimitReport,Target table,html;csv;png
product_Seral_area_regenerating_985502004_CC,Targets for product.Seral.area.regenerating.985502004.CC,ca.spatial.reportwriter.TargetLimitReport,Target table,html;csv;png
product_Seral_area_regenerating_985502005_CC,Targets for product.Seral.area.regenerating.985502005.CC,ca.spatial.reportwriter.TargetLimitReport,Target table,html;csv;png
product_Seral_area_regenerating_985502006_CC,Targets for product.Seral.area.regenerating.985502006.CC,ca.spatial.reportwriter.TargetLimitReport,Target table,html;csv;png
product_Seral_area_regenerating_985502007_CC,Targets for product.Seral.area.regenerating.985502007.CC,ca.spatial.reportwriter.TargetLimitReport,Target table,html;csv;png
product_Seral_area_regenerating_985502008_CC,Targets for product.Seral.area.regenerating.985502008.CC,ca.spatial.reportwriter.TargetLimitReport,Target table,html;csv;png
product_Seral_area_regenerating_985503000_CC,Targets for product.Seral.area.regenerating.985503000.CC,ca.spatial.reportwriter.TargetLimitReport,Target table,html;csv;png
product_Seral_area_regenerating_985503001_CC,Targets for product.Seral.area.regenerating.985503001.CC,ca.spatial.reportwriter.TargetLimitReport,Target table,html;csv;png
product_Seral_area_regenerating_985503003_CC,Targets for product.Seral.area.regenerating.985503003.CC,ca.spatial.reportwriter.TargetLimitReport,Target table,html;csv;png
product_Seral_area_young_985501000_CC,Targets for product.Seral.area.young.985501000.CC,ca.spatial.reportwriter.TargetLimitReport,Target table,html;csv;png
product_Seral_area_young_985501001_CC,Targets for product.Seral.area.young.985501001.CC,ca.spatial.reportwriter.TargetLimitReport,Target table,html;csv;png
product_Seral_area_young_985501003_CC,Targets for product.Seral.area.young.985501003.CC,ca.spatial.reportwriter.TargetLimitReport,Target table,html;csv;png
product_Seral_area_young_985502001_CC,Targets for product.Seral.area.young.985502001.CC,ca.spatial.reportwriter.TargetLimitReport,Target table,html;csv;png
product_Seral_area_young_985502002_CC,Targets for product.Seral.area.young.985502002.CC,ca.spatial.reportwriter.TargetLimitReport,Target table,html;csv;png
product_Seral_area_young_985502003_CC,Targets for product.Seral.area.young.985502003.CC,ca.spatial.reportwriter.TargetLimitReport,Target table,html;csv;png
product_Seral_area_young_985502004_CC,Targets for product.Seral.area.young.985502004.CC,ca.spatial.reportwriter.TargetLimitReport,Target table,html;csv;png
product_Seral_area_young_985502005_CC,Targets for product.Seral.area.young.985502005.CC,ca.spatial.reportwriter.TargetLimitReport,Target table,html;csv;png
product_Seral_area_young_985502006_CC,Targets for product.Seral.area.young.985502006.CC,ca.spatial.reportwriter.TargetLimitReport,Target table,html;csv;png
product_Seral_area_young_985502007_CC,Targets for product.Seral.area.young.985502007.CC,ca.spatial.reportwriter.TargetLimitReport,Target table,html;csv;png
product_Seral_area_young_985502008_CC,Targets for product.Seral.area.young.985502008.CC,ca.spatial.reportwriter.TargetLimitReport,Target table,html;csv;png
product_Seral_area_young_985503000_CC,Targets for product.Seral.area.young.985503000.CC,ca.spatial.reportwriter.TargetLimitReport,Target table,html;csv;png
product_Seral_area_young_985503001_CC,Targets for product.Seral.area.young.985503001.CC,ca.spatial.reportwriter.TargetLimitReport,Target table,html;csv;png
product_Seral_area_young_985503003_CC,Targets for product.Seral.area.young.985503003.CC,ca.spatial.reportwriter.TargetLimitReport,Target table,html;csv;png
product_SpeciesProp_managed_BA,Targets for product.SpeciesProp.managed.BA,ca.spatial.reportwriter.TargetLimitReport,Target table,html;csv;png
product_SpeciesProp_managed_CW,Targets for product.SpeciesProp.managed.CW,ca.spatial.reportwriter.TargetLimitReport,Target table,html;csv;png
product_SpeciesProp_managed_FDC,Targets for product.SpeciesProp.managed.FDC,ca.spatial.reportwriter.TargetLimitReport,Target table,html;csv;png
product_SpeciesProp_managed_HW,Targets for product.SpeciesProp.managed.HW,ca.spatial.reportwriter.TargetLimitReport,Target table,html;csv;png
product_SpeciesProp_managed_PLC,Targets for product.SpeciesProp.managed.PLC,ca.spatial.reportwriter.TargetLimitReport,Target table,html;csv;png
product_SpeciesProp_managed_SS,Targets for product.SpeciesProp.managed.SS,ca.spatial.reportwriter.TargetLimitReport,Target table,html;csv;png
product_SpeciesProp_managed_YC,Targets for product.SpeciesProp.managed.YC,ca.spatial.reportwriter.TargetLimitReport,Target table,html;csv;png
product_Treated_managed_CC,Targets for product.Treated.managed.CC,ca.spatial.reportwriter.TargetLimitReport,Target table,html;csv;png
product_Yield_managed_BA,Targets for product.Yield.managed.BA,ca.spatial.reportwriter.TargetLimitReport,Target table,html;csv;png
product_Yield_managed_CW,Targets for product.Yield.managed.CW,ca.spatial.reportwriter.TargetLimitReport,Target table,html;csv;png
product_Yield_managed_FDC,Targets for product.Yield.managed.FDC,ca.spatial.reportwriter.TargetLimitReport,Target table,html;csv;png
product_Yield_managed_HW,Targets for product.Yield.managed.HW,ca.spatial.reportwriter.TargetLimitReport,Target table,html;csv;png
product_Yield_managed_PLC,Targets for product.Yield.managed.PLC,ca.spatial.reportwriter.TargetLimitReport,Target table,html;csv;png
product_Yield_managed_SS,Targets for product.Yield.managed.SS,ca.spatial.reportwriter.TargetLimitReport,Target table,html;csv;png
product_Yield_managed_Total,Targets for product.Yield.managed.Total,ca.spatial.reportwriter.TargetLimitReport,Target table,html;csv;png
product_Yield_managed_YC,Targets for product.Yield.managed.YC,ca.spatial.reportwriter.TargetLimitReport,Target table,html;csv;png
